{"cameraMode":{"drawMode":0,"name":"Shaded","section":"Shading Mode"},"sceneLighting":false,"audioPlay":false,"sceneViewState":{"showFog":true,"showMaterialUpdate":false,"showSkybox":false,"showFlares":true,"showImageEffects":true,"showParticleSystems":true},"in2DMode":false,"pivot":{"x":0.0,"y":0.26451727747917178,"z":-9.5367431640625e-7},"rotation":{"x":0.33539971709251406,"y":-0.09417562186717987,"z":0.03370074927806854,"w":0.9367890357971191},"size":64.93180084228516,"orthographic":false}