{"cameraMode":{"drawMode":0,"name":"Shaded","section":"Shading Mode"},"sceneLighting":false,"audioPlay":false,"sceneViewState":{"showFog":true,"showMaterialUpdate":false,"showSkybox":false,"showFlares":true,"showImageEffects":true,"showParticleSystems":true},"in2DMode":false,"pivot":{"x":0.0,"y":0.3834766745567322,"z":-5.960464477539063e-8},"rotation":{"x":0.15941494703292848,"y":0.06953618675470352,"z":-0.011257556267082692,"w":0.9846964478492737},"size":6.1802897453308109,"orthographic":false}